City,Date,Lat,Lon,Tmp,Hum,Cld,Wnd
"kapaa, us",1581930474.0,22.08,-159.32,72.07,78.0,75.0,20.8
"ancud, cl",1581930474.0,-41.87,-73.82,48.2,100.0,40.0,2.84
"gazli, uz",1581930474.0,40.13,63.45,45.5,45.0,100.0,15.28
"college, us",1581930474.0,64.86,-147.8,-4.02,76.0,90.0,3.36
"satitoa, ws",1581930474.0,64.86,-147.8,-4.02,76.0,90.0,3.36
"cape town, za",1581930474.0,-33.93,18.42,66.18,100.0,90.0,5.82
"punta arenas, cl",1581930474.0,-53.15,-70.92,42.39,75.0,40.0,9.17
"sabha, ly",1581930474.0,27.04,14.43,56.3,56.0,0.0,9.98
"port alfred, za",1581930474.0,-33.59,26.89,73.0,80.0,98.0,8.99
"provideniya, ru",1581930474.0,64.38,-173.3,-3.37,93.0,94.0,14.18
"isilkul, ru",1581930474.0,54.91,71.27,21.2,93.0,100.0,10.83
"rikitea, pf",1581930474.0,-23.12,-134.97,79.07,80.0,100.0,19.39
"upernavik, gl",1581930474.0,72.79,-56.15,3.4,93.0,100.0,2.13
"mataura, pf",1581930474.0,72.79,-56.15,3.4,93.0,100.0,2.13
"pudozh, ru",1581930474.0,61.81,36.53,37.81,99.0,100.0,15.84
"kolyvan, ru",1581930474.0,55.31,82.74,26.6,73.0,100.0,13.42
"butaritari, ki",1581930474.0,3.07,172.79,83.43,76.0,56.0,13.31
"gobabis, na",1581930474.0,-22.45,18.97,74.77,61.0,99.0,4.52
"soligalich, ru",1581930474.0,59.08,42.29,34.72,93.0,100.0,15.84
"kajaani, fi",1581930474.0,64.17,27.67,35.6,80.0,90.0,12.75
"coihaique, cl",1581930474.0,-45.58,-72.07,41.0,86.0,50.0,3.36
"ushuaia, ar",1581930474.0,-54.8,-68.3,42.8,70.0,40.0,9.17
"codrington, ag",1581930474.0,-54.8,-68.3,42.8,70.0,40.0,9.17
"puerto ayora, ec",1581930474.0,-0.74,-90.35,76.37,88.0,18.0,4.65
"batemans bay, au",1581930474.0,-35.72,150.18,70.25,84.0,78.0,1.01
"umm lajj, sa",1581930474.0,25.02,37.27,75.18,24.0,100.0,7.74
"busselton, au",1581930474.0,-33.65,115.33,81.54,12.0,0.0,3.94
"belushya guba, ru",1581930474.0,-33.65,115.33,81.54,12.0,0.0,3.94
"kavaratti, in",1581930474.0,10.57,72.64,82.53,72.0,20.0,8.05
"tura, ru",1581930474.0,64.28,100.25,-3.59,96.0,1.0,1.7
"vaini, to",1581930474.0,-21.2,-175.2,78.8,78.0,75.0,14.99
"lebu, cl",1581930474.0,-37.62,-73.65,52.65,97.0,100.0,2.04
"tuatapere, nz",1581930474.0,-46.13,167.68,57.0,93.0,73.0,1.99
"pangnirtung, ca",1581930474.0,66.15,-65.71,-25.37,88.0,60.0,1.5
"ribeira grande, pt",1581930474.0,38.52,-28.7,51.8,66.0,40.0,6.93
"illoqqortoormiut, gl",1581930474.0,38.52,-28.7,51.8,66.0,40.0,6.93
"la cruz, cr",1581930474.0,11.07,-85.63,71.28,86.0,13.0,24.14
"airai, pw",1581930474.0,11.07,-85.63,71.28,86.0,13.0,24.14
"barentsburg, sj",1581930474.0,11.07,-85.63,71.28,86.0,13.0,24.14
"grindavik, is",1581930474.0,63.84,-22.43,38.12,71.0,75.0,21.92
"tiksi, ru",1581930474.0,71.69,128.87,-4.14,92.0,100.0,5.61
"tripoli, ly",1581930474.0,32.88,13.19,58.77,56.0,0.0,2.46
"taolanaro, mg",1581930474.0,32.88,13.19,58.77,56.0,0.0,2.46
"mar del plata, ar",1581930474.0,-38.0,-57.56,68.27,88.0,20.0,9.17
"kirakira, sb",1581930474.0,-10.45,161.92,78.78,87.0,100.0,7.14
"attawapiskat, ca",1581930474.0,-10.45,161.92,78.78,87.0,100.0,7.14
"san patricio, mx",1581930474.0,19.22,-104.7,76.3,70.0,100.0,1.57
"nizhneyansk, ru",1581930474.0,19.22,-104.7,76.3,70.0,100.0,1.57
"guerrero negro, mx",1581930474.0,27.98,-114.06,60.64,73.0,100.0,9.17
"althofen, at",1581930474.0,46.88,14.47,42.15,78.0,72.0,1.12
"coburg, de",1581930474.0,50.27,10.97,46.18,81.0,75.0,12.75
"bluff, nz",1581930474.0,-46.6,168.33,57.0,93.0,72.0,1.99
"zhigansk, ru",1581930474.0,66.77,123.37,-10.08,97.0,100.0,4.92
"avarua, ck",1581930474.0,-21.21,-159.78,80.6,88.0,100.0,13.87
"cherskiy, ru",1581930474.0,68.75,161.3,-21.84,92.0,100.0,7.0
"hermanus, za",1581930474.0,-34.42,19.23,65.55,92.0,99.0,13.49
"albany, au",1581930474.0,-35.02,117.89,68.0,45.0,0.0,13.87
"port hardy, ca",1581930474.0,50.7,-127.42,37.4,93.0,40.0,9.17
"bulungu, cd",1581930474.0,-4.55,18.6,81.48,78.0,100.0,5.19
"port lincoln, au",1581930474.0,-34.73,135.87,73.96,50.0,5.0,5.26
"kalmunai, lk",1581930474.0,7.42,81.82,79.66,73.0,11.0,14.47
"namibe, ao",1581930474.0,-15.2,12.15,73.4,83.0,75.0,9.08
"sundumbili, za",1581930474.0,-29.13,31.4,84.2,66.0,61.0,4.7
"castro, cl",1581930474.0,-42.47,-73.77,48.2,100.0,40.0,1.77
"hobart, au",1581930474.0,-42.88,147.33,60.98,51.0,20.0,10.29
"kenai, us",1581930474.0,60.55,-151.26,16.2,72.0,90.0,5.82
"honningsvag, no",1581930474.0,70.98,25.97,33.8,96.0,75.0,8.05
"bengkulu, id",1581930474.0,-3.8,102.27,80.87,72.0,80.0,3.24
"bonnyville, ca",1581930474.0,54.27,-110.73,-0.4,70.0,75.0,5.82
"georgetown, sh",1581930474.0,-7.93,-14.42,79.93,77.0,79.0,17.74
"gazojak, tm",1581930474.0,41.19,61.4,43.75,38.0,100.0,12.19
"barrow, us",1581930474.0,71.29,-156.79,-36.4,88.0,1.0,8.05
"puerto quijarro, bo",1581930474.0,-17.78,-57.77,74.68,86.0,100.0,3.83
"thompson, ca",1581930474.0,55.74,-97.86,-14.8,75.0,75.0,5.82
"arraial do cabo, br",1581930474.0,-22.97,-42.03,77.22,88.0,0.0,19.89
"lima, pe",1581930474.0,-12.04,-77.03,73.4,88.0,20.0,9.17
"nguiu, au",1581930474.0,-12.04,-77.03,73.4,88.0,20.0,9.17
"hilo, us",1581930474.0,19.73,-155.09,68.94,73.0,20.0,3.36
"saskylakh, ru",1581930474.0,71.92,114.08,-5.93,97.0,98.0,6.96
"chokurdakh, ru",1581930474.0,70.63,147.92,-1.7,97.0,95.0,7.7
"fort nelson, ca",1581930474.0,58.81,-122.7,-22.0,82.0,20.0,2.24
"isangel, vu",1581930474.0,-19.55,169.27,79.36,81.0,43.0,15.75
"pitimbu, br",1581930474.0,-7.47,-34.81,77.0,94.0,20.0,2.24
"leningradskiy, ru",1581930474.0,69.38,178.42,-22.63,87.0,1.0,2.55
"karaikkudi, in",1581930474.0,10.07,78.78,89.92,39.0,8.0,14.76
"mehamn, no",1581930474.0,71.04,27.85,32.99,98.0,75.0,8.05
"port blair, in",1581930474.0,11.67,92.75,79.57,57.0,93.0,11.32
"port elizabeth, za",1581930474.0,-33.92,25.57,75.2,69.0,20.0,23.04
"tidore, id",1581930474.0,-33.92,25.57,75.2,69.0,20.0,23.04
"sur, om",1581930474.0,22.57,59.53,76.44,30.0,26.0,13.24
"sabya, sa",1581930474.0,17.15,42.63,82.4,74.0,40.0,14.99
"nyimba, zm",1581930474.0,-14.56,30.81,77.77,86.0,5.0,3.13
"namatanai, pg",1581930474.0,-3.67,152.43,83.3,79.0,100.0,20.42
"mahebourg, mu",1581930474.0,-20.41,57.7,83.62,66.0,40.0,11.41
"chuy, uy",1581930474.0,-33.7,-53.46,74.88,84.0,99.0,8.79
"havelock, us",1581930474.0,34.88,-76.9,48.54,93.0,90.0,5.82
"geraldton, au",1581930474.0,-28.77,114.6,80.6,57.0,7.0,27.51
"ust-kuyga, ru",1581930474.0,70.02,135.6,-3.86,99.0,100.0,2.24
"barsovo, ru",1581930474.0,61.17,73.17,21.2,100.0,75.0,4.47
"iqaluit, ca",1581930474.0,63.75,-68.51,-23.39,67.0,5.0,3.36
"hasaki, jp",1581930474.0,35.73,140.83,50.88,54.0,20.0,5.82
"bredasdorp, za",1581930474.0,-34.53,20.04,68.0,64.0,95.0,11.41
"umzimvubu, za",1581930474.0,-34.53,20.04,68.0,64.0,95.0,11.41
"glenwood springs, us",1581930474.0,39.55,-107.32,30.87,86.0,90.0,1.95
"mantua, cu",1581930474.0,22.29,-84.28,77.88,76.0,0.0,8.03
"lorengau, pg",1581930474.0,-2.02,147.27,84.45,78.0,0.0,14.0
"palmer, us",1581930474.0,42.16,-72.33,26.74,85.0,1.0,3.15
"foca, ba",1581930474.0,43.51,18.78,37.13,93.0,90.0,2.24
"vaitupu, wf",1581930474.0,43.51,18.78,37.13,93.0,90.0,2.24
"andenes, no",1581930474.0,69.31,16.12,35.29,80.0,40.0,16.11
"zelenogorsk, ru",1581930474.0,56.11,94.59,19.72,93.0,99.0,1.99
"swan hill, au",1581930474.0,-35.34,143.55,89.01,28.0,0.0,5.99
"fevralsk, ru",1581930474.0,-35.34,143.55,89.01,28.0,0.0,5.99
"yellowknife, ca",1581930474.0,62.46,-114.35,-28.73,73.0,40.0,10.29
"gurskoye, ru",1581930474.0,62.46,-114.35,-28.73,73.0,40.0,10.29
"mahajanga, mg",1581930474.0,-15.72,46.32,87.8,74.0,40.0,10.29
"komsomolskiy, ru",1581930474.0,43.98,46.7,44.1,69.0,94.0,6.93
"ayan, ru",1581930474.0,56.45,138.17,4.28,77.0,21.0,5.32
"coffs harbour, au",1581930474.0,-30.3,153.13,70.43,94.0,100.0,5.82
"stoyba, ru",1581930474.0,-30.3,153.13,70.43,94.0,100.0,5.82
"sitka, us",1581930474.0,57.05,-135.33,33.8,100.0,90.0,3.36
"batagay-alyta, ru",1581930474.0,67.8,130.41,-2.65,98.0,100.0,3.89
"envira, br",1581930474.0,-7.3,-70.22,71.22,98.0,100.0,1.88
"flinders, au",1581930474.0,-34.58,150.86,71.26,100.0,90.0,5.82
"qaanaaq, gl",1581930474.0,77.48,-69.36,-3.82,48.0,79.0,1.34
"ponta do sol, cv",1581930474.0,17.2,-25.09,68.0,82.0,40.0,26.4
"tuktoyaktuk, ca",1581930474.0,69.45,-133.04,-19.41,78.0,87.0,15.55
"yarmouth, ca",1581930474.0,43.83,-66.12,34.41,86.0,75.0,4.7
"kidal, ml",1581930474.0,18.44,1.41,76.6,15.0,52.0,23.29
"masunga, bw",1581930474.0,-20.62,27.45,78.8,65.0,29.0,6.93
"colombo, lk",1581930474.0,6.93,79.85,91.4,63.0,20.0,10.29
"karauzyak, uz",1581930474.0,6.93,79.85,91.4,63.0,20.0,10.29
"avera, pf",1581930474.0,6.93,79.85,91.4,63.0,20.0,10.29
"saint george, bm",1581930474.0,32.38,-64.68,64.4,82.0,75.0,12.75
"esperance, au",1581930474.0,-33.87,121.9,66.2,48.0,75.0,14.99
"mastic beach, us",1581930474.0,40.77,-72.85,33.58,80.0,90.0,4.7
"camana, pe",1581930474.0,-16.62,-72.71,65.75,89.0,100.0,2.51
"amderma, ru",1581930474.0,-16.62,-72.71,65.75,89.0,100.0,2.51
"ostrovnoy, ru",1581930474.0,68.05,39.51,35.82,94.0,100.0,30.18
"ndola, zm",1581930474.0,-12.96,28.64,74.98,84.0,37.0,4.14
"puerto del rosario, es",1581930474.0,28.5,-13.86,64.4,88.0,20.0,9.17
"laiagam, pg",1581930474.0,28.5,-13.86,64.4,88.0,20.0,9.17
"jasper, ca",1581930474.0,52.88,-118.09,1.38,92.0,73.0,5.7
"novobirilyussy, ru",1581930474.0,56.95,90.67,22.59,88.0,100.0,4.7
"brownwood, us",1581930474.0,31.71,-98.99,54.43,58.0,1.0,6.93
"saldanha, za",1581930474.0,-33.01,17.94,73.4,69.0,75.0,2.24
"saint-philippe, re",1581930474.0,-21.36,55.77,82.45,66.0,59.0,25.28
"hami, cn",1581930474.0,42.8,93.45,29.08,30.0,100.0,2.46
"ciamis, id",1581930474.0,-7.33,108.35,77.29,91.0,100.0,2.24
"nikolskoye, ru",1581930474.0,59.7,30.79,41.2,81.0,90.0,31.32
"santa eulalia del rio, es",1581930474.0,59.7,30.79,41.2,81.0,90.0,31.32
"enkoping, se",1581930474.0,59.64,17.08,42.93,70.0,40.0,21.92
"kayerkan, ru",1581930474.0,69.35,87.76,10.4,78.0,40.0,26.84
"san cristobal, ec",1581930474.0,-0.9,-89.62,78.15,87.0,7.0,9.82
"tsihombe, mg",1581930474.0,-0.9,-89.62,78.15,87.0,7.0,9.82
"mullheim, de",1581930474.0,47.81,7.63,51.84,76.0,100.0,4.7
"jovellanos, cu",1581930474.0,22.8,-81.19,71.6,68.0,20.0,4.7
"puerto madryn, ar",1581930474.0,-42.77,-65.04,59.22,66.0,100.0,6.49
"atuona, pf",1581930474.0,-9.8,-139.03,81.1,77.0,42.0,19.89
"souillac, mu",1581930474.0,-20.52,57.52,83.62,66.0,40.0,11.41
"ondjiva, ao",1581930474.0,-17.07,15.73,71.6,83.0,75.0,5.82
"cairns, au",1581930474.0,-16.92,145.77,83.12,74.0,40.0,10.29
"malwan, in",1581930474.0,-16.92,145.77,83.12,74.0,40.0,10.29
"baykit, ru",1581930474.0,61.67,96.37,11.52,94.0,100.0,0.36
"carnarvon, au",1581930474.0,-24.87,113.63,84.2,58.0,0.0,14.99
"kamenskoye, ru",1581930474.0,-24.87,113.63,84.2,58.0,0.0,14.99
"agaro, et",1581930474.0,7.85,36.65,86.23,27.0,11.0,4.54
"samusu, ws",1581930474.0,7.85,36.65,86.23,27.0,11.0,4.54
"maun, bw",1581930474.0,-19.98,23.42,82.4,65.0,40.0,6.93
"torbay, ca",1581930474.0,47.67,-52.73,32.18,91.0,90.0,4.7
"wulanhaote, cn",1581930474.0,47.67,-52.73,32.18,91.0,90.0,4.7
"panzhihua, cn",1581930474.0,26.59,101.71,50.0,55.0,74.0,4.21
"tashigang, bt",1581930474.0,27.33,91.55,52.79,66.0,47.0,6.42
"acapulco, mx",1581930474.0,16.86,-99.89,77.0,83.0,20.0,4.7
"yumen, cn",1581930474.0,40.28,97.2,34.9,20.0,0.0,21.99
"tasiilaq, gl",1581930474.0,65.61,-37.64,28.4,92.0,100.0,12.17
"mandali, iq",1581930474.0,33.75,45.55,70.65,41.0,45.0,21.97
"kaitangata, nz",1581930474.0,-46.28,169.85,58.66,94.0,38.0,3.0
"saint anthony, ca",1581930474.0,-46.28,169.85,58.66,94.0,38.0,3.0
"arraias, br",1581930474.0,-12.93,-46.94,70.63,94.0,100.0,1.77
"oriximina, br",1581930474.0,-1.77,-55.87,75.49,91.0,24.0,7.07
"suntar, ru",1581930474.0,62.14,117.63,11.14,93.0,100.0,6.46
"xiamen, cn",1581930474.0,24.48,118.08,57.2,54.0,0.0,15.66
"vila franca do campo, pt",1581930474.0,37.72,-25.43,53.6,71.0,20.0,9.17
"bouafle, ci",1581930474.0,6.99,-5.74,77.0,83.0,20.0,2.86
"hithadhoo, mv",1581930474.0,-0.6,73.08,84.38,70.0,15.0,8.77
"anchorage, us",1581930474.0,61.22,-149.9,12.63,78.0,90.0,7.2
"sokoni, tz",1581930474.0,-6.43,39.55,87.66,74.0,75.0,8.05
"alofi, nu",1581930474.0,-19.06,-169.92,77.0,94.0,68.0,16.11
"port augusta, au",1581930474.0,-32.5,137.77,85.62,26.0,100.0,8.05
"lewisville, us",1581930474.0,33.05,-96.99,59.09,82.0,40.0,14.99
"meulaboh, id",1581930474.0,4.14,96.13,83.61,73.0,13.0,8.14
"garmsar, ir",1581930474.0,35.22,52.34,52.23,27.0,100.0,1.19
"mentok, id",1581930474.0,35.22,52.34,52.23,27.0,100.0,1.19
"hamilton, bm",1581930474.0,32.29,-64.78,64.4,82.0,75.0,12.75
"nioro, ml",1581930474.0,32.29,-64.78,64.4,82.0,75.0,12.75
"sao filipe, cv",1581930474.0,14.9,-24.5,71.71,70.0,0.0,19.1
"port hawkesbury, ca",1581930474.0,45.62,-61.35,30.47,92.0,90.0,2.66
"bloomingdale, us",1581930474.0,27.89,-82.24,67.35,100.0,90.0,3.36
"sabang, id",1581930474.0,5.89,95.32,81.79,78.0,79.0,13.58
"la palma, pa",1581930474.0,8.4,-78.15,75.97,89.0,100.0,5.12
"longyearbyen, sj",1581930474.0,78.22,15.64,6.8,71.0,0.0,9.17
"fortuna, us",1581930474.0,40.6,-124.16,47.19,100.0,90.0,2.57
"klaksvik, fo",1581930474.0,62.23,-6.59,37.4,73.0,75.0,11.41
"kemijarvi, fi",1581930474.0,62.23,-6.59,37.4,73.0,75.0,11.41
"husavik, is",1581930474.0,66.04,-17.34,33.8,98.0,90.0,8.05
"punta cardon, ve",1581930474.0,11.66,-70.22,75.6,81.0,100.0,24.43
"komsomolskoye, ua",1581930474.0,45.02,34.02,44.02,51.0,0.0,2.1
"dauphin, ca",1581930474.0,51.15,-100.05,8.6,92.0,90.0,3.36
"goderich, sl",1581930474.0,51.15,-100.05,8.6,92.0,90.0,3.36
"jiddah, sa",1581930474.0,51.15,-100.05,8.6,92.0,90.0,3.36
"severo-kurilsk, ru",1581930474.0,50.68,156.12,12.33,92.0,78.0,10.11
"lompoc, us",1581930474.0,34.64,-120.46,50.0,100.0,90.0,14.27
"morant bay, jm",1581930474.0,17.88,-76.41,73.51,78.0,20.0,10.29
"camacha, pt",1581930474.0,33.08,-16.33,62.6,72.0,75.0,6.93
"nemuro, jp",1581930474.0,43.32,145.57,24.8,92.0,75.0,6.93
"atkarsk, ru",1581930474.0,51.87,45.01,30.22,79.0,100.0,18.57
"huambo, ao",1581930474.0,-12.78,15.74,69.85,78.0,89.0,3.78
"katsuura, jp",1581930474.0,35.13,140.3,54.3,35.0,20.0,19.46
"kodiak, us",1581930474.0,57.79,-152.41,33.8,86.0,1.0,3.36
"bradu, ro",1581930474.0,44.78,24.9,43.93,63.0,61.0,5.03
"amangarh, pk",1581930474.0,34.01,71.93,77.0,22.0,0.0,4.7
"kotka, fi",1581930474.0,60.47,26.92,36.25,93.0,75.0,17.22
"valdosta, us",1581930474.0,30.83,-83.28,53.37,100.0,90.0,5.82
"victoria, sc",1581930474.0,-4.62,55.45,89.6,62.0,20.0,12.75
"qandala, so",1581930474.0,11.47,49.87,78.28,57.0,0.0,12.75
"presidencia roque saenz pena, ar",1581930474.0,-26.79,-60.44,77.56,87.0,100.0,7.4
"kaseda, jp",1581930474.0,31.42,130.32,38.3,70.0,75.0,28.86
"bambous virieux, mu",1581930474.0,-20.34,57.76,83.61,66.0,40.0,11.41
"nelson bay, au",1581930474.0,-32.72,152.15,73.09,83.0,40.0,5.82
"visby, se",1581930474.0,57.64,18.3,43.03,86.0,75.0,24.16
"pauini, br",1581930474.0,-7.71,-66.98,71.71,98.0,100.0,0.58
"ahipara, nz",1581930474.0,-35.17,173.17,72.0,96.0,2.0,7.25
"yashkul, ru",1581930474.0,46.17,45.34,38.79,69.0,15.0,10.65
"miles city, us",1581930474.0,46.41,-105.84,29.73,92.0,90.0,9.17
"kavieng, pg",1581930474.0,-2.57,150.8,84.0,78.0,15.0,12.5
"paraiso, mx",1581930474.0,18.4,-93.23,76.87,82.0,0.0,15.21
"lerwick, gb",1581930474.0,60.15,-1.15,44.6,87.0,75.0,42.5
"felanitx, es",1581930474.0,39.47,3.15,57.15,87.0,90.0,8.05
"carutapera, br",1581930474.0,-1.2,-46.02,80.82,82.0,55.0,17.09
"honiara, sb",1581930474.0,-9.43,159.95,84.2,74.0,75.0,13.87
"bontang, id",1581930474.0,0.13,117.5,84.0,73.0,45.0,10.04
"pitrufquen, cl",1581930474.0,-38.98,-72.65,52.79,93.0,38.0,2.24
"groningen, sr",1581930474.0,5.8,-55.47,75.49,94.0,20.0,1.12
"kelo, td",1581930474.0,9.31,15.81,88.79,9.0,11.0,6.6
"porto velho, br",1581930474.0,-8.76,-63.9,75.2,94.0,90.0,1.41
"pochutla, mx",1581930474.0,15.74,-96.47,81.72,71.0,0.0,13.2
"bethel, us",1581930474.0,41.37,-73.41,31.19,92.0,1.0,4.5
"shu, kz",1581930474.0,43.6,73.76,30.88,88.0,100.0,3.87
"nanortalik, gl",1581930474.0,60.14,-45.24,20.41,56.0,100.0,11.07
"wuxue, cn",1581930474.0,29.85,115.55,49.91,40.0,8.0,8.88
"san policarpo, ph",1581930474.0,12.18,125.51,79.32,82.0,34.0,11.61
"skagastrond, is",1581930474.0,12.18,125.51,79.32,82.0,34.0,11.61
"bonthe, sl",1581930474.0,7.53,-12.51,81.27,72.0,95.0,2.86
"lata, sb",1581930474.0,7.53,-12.51,81.27,72.0,95.0,2.86
"yomitan, jp",1581930474.0,7.53,-12.51,81.27,72.0,95.0,2.86
"namtsy, ru",1581930474.0,62.72,129.67,-16.6,75.0,96.0,4.47
"tupiza, bo",1581930474.0,-21.45,-65.72,52.25,79.0,100.0,1.95
"nome, us",1581930474.0,64.5,-165.41,15.8,78.0,90.0,11.41
"praia da vitoria, pt",1581930474.0,38.73,-27.07,53.6,76.0,40.0,9.91
"cidreira, br",1581930474.0,-30.18,-50.21,76.15,89.0,0.0,20.36
"kampong cham, kh",1581930474.0,11.99,105.46,94.24,36.0,79.0,6.46
"kamenka, ru",1581930474.0,51.32,42.77,37.99,65.0,99.0,1.99
"ulundi, za",1581930474.0,-28.34,31.42,87.12,39.0,67.0,7.45
"umm kaddadah, sd",1581930474.0,13.6,26.69,81.3,13.0,9.0,17.02
"plettenberg bay, za",1581930474.0,-34.05,23.37,72.63,69.0,12.0,11.72
"lasa, cn",1581930474.0,-34.05,23.37,72.63,69.0,12.0,11.72
"saint-francois, gp",1581930474.0,16.25,-61.27,73.4,88.0,75.0,4.7
"buraydah, sa",1581930474.0,26.33,43.98,75.2,57.0,40.0,5.82
"gangotri, in",1581930474.0,26.33,43.98,75.2,57.0,40.0,5.82
"jiaojiang, cn",1581930474.0,28.68,121.44,47.28,53.0,0.0,12.24
"cockburn town, tc",1581930474.0,21.46,-71.14,77.58,79.0,0.0,18.63
"mwense, zm",1581930474.0,-10.38,28.7,71.96,91.0,96.0,3.27
"stornoway, gb",1581930474.0,58.21,-6.39,44.8,81.0,40.0,24.16
"goryachegorsk, ru",1581930474.0,55.41,88.92,30.15,84.0,100.0,1.5
"fowa, eg",1581930474.0,55.41,88.92,30.15,84.0,100.0,1.5
"tigil, ru",1581930474.0,57.8,158.67,-4.68,100.0,100.0,2.39
"arman, ru",1581930474.0,59.7,150.17,4.8,92.0,0.0,4.81
"jamestown, sh",1581930474.0,-15.94,-5.72,74.32,77.0,98.0,19.93
"mangan, in",1581930474.0,27.52,88.53,50.41,66.0,77.0,5.08
"north bend, us",1581930474.0,43.41,-124.22,36.52,93.0,75.0,2.75
"tautira, pf",1581930474.0,-17.73,-149.15,80.33,74.0,20.0,5.82
"touros, br",1581930474.0,-5.2,-35.46,77.0,94.0,40.0,3.36
"sao joao da barra, br",1581930474.0,-21.64,-41.05,77.18,85.0,100.0,14.9
"hofn, is",1581930474.0,64.25,-15.21,37.4,74.0,90.0,16.11
"borazjan, ir",1581930474.0,29.27,51.22,71.6,60.0,90.0,9.17
"sioux lookout, ca",1581930474.0,50.1,-91.92,2.1,54.0,90.0,4.7
"new norfolk, au",1581930474.0,-42.78,147.06,59.97,51.0,20.0,10.29
"rawson, ar",1581930474.0,-43.3,-65.1,61.95,68.0,100.0,3.04
"la spezia, it",1581930474.0,44.11,9.84,51.33,100.0,75.0,3.36
"ferrol, es",1581930474.0,43.48,-8.24,49.55,87.0,20.0,8.05
"doische, be",1581930474.0,50.13,4.74,45.34,87.0,75.0,12.75
"novyy urgal, ru",1581930474.0,51.07,132.56,-2.07,97.0,9.0,2.46
"tawnat, ma",1581930474.0,51.07,132.56,-2.07,97.0,9.0,2.46
"marzuq, ly",1581930474.0,51.07,132.56,-2.07,97.0,9.0,2.46
"ngunguru, nz",1581930474.0,-35.62,174.5,68.5,92.0,42.0,3.0
"seoul, kr",1581930474.0,37.57,126.98,22.19,67.0,40.0,5.82
"tezu, in",1581930474.0,27.92,96.17,77.99,37.0,11.0,4.63
"sterling, us",1581930474.0,39.01,-77.43,37.26,74.0,40.0,3.36
"cap malheureux, mu",1581930474.0,-19.98,57.61,83.46,66.0,40.0,11.41
"palanga, lt",1581930474.0,55.92,21.07,44.6,81.0,100.0,11.41
"biltine, td",1581930474.0,14.53,20.92,87.31,11.0,7.0,12.55
"spasskoye, ru",1581930474.0,44.61,132.8,8.83,95.0,100.0,7.09
"bathsheba, bb",1581930474.0,13.22,-59.52,78.8,74.0,40.0,16.11
"ixtapa, mx",1581930474.0,20.7,-105.2,68.0,100.0,5.0,3.36
"laredo, us",1581930474.0,27.51,-99.51,66.15,94.0,40.0,5.82
"tuy hoa, vn",1581930474.0,13.08,109.3,76.06,83.0,87.0,28.45
"dulyapino, ru",1581930474.0,57.26,40.81,37.4,92.0,90.0,13.42
"nantucket, us",1581930474.0,41.28,-70.1,27.72,86.0,1.0,9.95
"tornio, fi",1581930474.0,65.85,24.13,32.0,86.0,96.0,4.7
"rapid valley, us",1581930474.0,44.06,-103.15,31.3,100.0,75.0,9.17
"nova olimpia, br",1581930474.0,-14.8,-57.29,72.91,93.0,58.0,1.41
"grand river south east, mu",1581930474.0,-14.8,-57.29,72.91,93.0,58.0,1.41
"novyy yarychiv, ua",1581930474.0,49.9,24.31,48.2,52.0,73.0,8.95
"waycross, us",1581930474.0,31.21,-82.35,51.12,87.0,90.0,4.7
"marrakesh, ma",1581930474.0,31.63,-8.01,57.2,47.0,0.0,2.24
"chimbote, pe",1581930474.0,-9.09,-78.58,69.55,87.0,40.0,2.89
"mrirt, ma",1581930474.0,-9.09,-78.58,69.55,87.0,40.0,2.89
"dondo, mz",1581930474.0,-19.61,34.74,87.8,70.0,75.0,3.36
"sidi ali, dz",1581930474.0,36.1,0.42,61.81,65.0,0.0,1.74
"vitim, ru",1581930474.0,59.45,112.56,12.36,94.0,100.0,7.72
"tungkang, tw",1581930474.0,59.45,112.56,12.36,94.0,100.0,7.72
"tanout, ne",1581930474.0,14.97,8.89,74.01,16.0,0.0,20.98
"oruro, bo",1581930474.0,-17.98,-67.15,43.59,68.0,100.0,3.53
"reconquista, ar",1581930474.0,-29.15,-59.65,76.33,85.0,100.0,6.44
"zhangjiakou, cn",1581930474.0,40.81,114.88,21.81,67.0,0.0,6.91
"pyay, mm",1581930474.0,18.82,95.22,95.92,15.0,0.0,6.35
"dinard, fr",1581930474.0,48.63,-2.06,45.23,87.0,51.0,16.11
"samarai, pg",1581930474.0,-10.62,150.67,79.45,77.0,49.0,4.79
"bosaso, so",1581930474.0,11.28,49.18,77.0,73.0,0.0,14.99
"nishihara, jp",1581930474.0,26.18,127.76,55.85,54.0,75.0,24.16
"san quintin, mx",1581930474.0,30.48,-115.95,56.34,90.0,100.0,5.61
"kholmogory, ru",1581930474.0,64.22,41.66,33.8,99.0,90.0,13.42
"monrovia, lr",1581930474.0,6.3,-10.8,77.0,94.0,75.0,5.82
"rach gia, vn",1581930474.0,10.02,105.08,80.6,88.0,75.0,2.24
"kuyanovo, ru",1581930474.0,55.8,54.54,20.44,91.0,93.0,16.87
"luanda, ao",1581930474.0,-8.84,13.23,82.4,78.0,75.0,4.7
"richards bay, za",1581930474.0,-28.78,32.04,83.37,68.0,40.0,16.31
"sorochinsk, ru",1581930474.0,52.43,53.16,17.8,94.0,95.0,11.7
"north myrtle beach, us",1581930474.0,33.82,-78.68,49.24,93.0,90.0,5.82
"gazanjyk, tm",1581930474.0,39.24,55.52,44.74,50.0,100.0,15.75
"richmond, za",1581930474.0,-29.87,30.27,87.01,65.0,31.0,1.01
"dikson, ru",1581930474.0,73.51,80.55,9.9,92.0,100.0,20.45
"sovkhoznyy, ru",1581930474.0,45.29,38.11,44.87,57.0,20.0,6.71
"belyy yar, ru",1581930474.0,53.6,91.39,19.4,67.0,100.0,2.24
"duz, tn",1581930474.0,53.6,91.39,19.4,67.0,100.0,2.24
"rio branco do sul, br",1581930474.0,-25.19,-49.31,65.23,100.0,75.0,5.82
"solnechnyy, ru",1581930474.0,50.72,136.63,8.33,82.0,0.0,7.47
"boguchany, ru",1581930474.0,58.38,97.45,17.53,91.0,89.0,1.48
"dawson creek, ca",1581930474.0,55.77,-120.24,-6.18,64.0,90.0,6.93
"maragogi, br",1581930474.0,-9.01,-35.22,81.86,76.0,89.0,10.11
"nacogdoches, us",1581930474.0,31.6,-94.63,57.67,100.0,90.0,6.93
"huaraz, pe",1581930474.0,-9.53,-77.53,40.46,90.0,62.0,6.6
"muros, es",1581930474.0,42.78,-9.06,48.74,93.0,20.0,4.7
"puerto ayacucho, ve",1581930474.0,5.66,-67.62,71.87,79.0,74.0,1.43
"westport, ie",1581930474.0,53.8,-9.52,41.0,93.0,75.0,17.22
"qaqortoq, gl",1581930474.0,60.72,-46.03,12.2,47.0,100.0,5.82
"bambamarca, pe",1581930474.0,-6.68,-78.53,52.57,98.0,96.0,4.97
"henties bay, na",1581930474.0,-22.12,14.28,64.99,94.0,22.0,1.99
"prince rupert, ca",1581930474.0,54.32,-130.32,41.0,75.0,75.0,6.93
"kiruna, se",1581930474.0,67.86,20.23,21.2,92.0,98.0,11.41
"capreol, ca",1581930474.0,46.71,-80.92,-6.59,91.0,20.0,5.82
"waipawa, nz",1581930474.0,-41.41,175.52,66.06,88.0,100.0,16.11
"wufeng, cn",1581930474.0,27.45,104.83,41.25,56.0,100.0,5.73
"gornopravdinsk, ru",1581930474.0,60.05,69.9,23.34,93.0,94.0,4.74
"uppsala, se",1581930474.0,60.0,17.75,43.05,75.0,20.0,18.34
"siniscola, it",1581930474.0,40.57,9.69,57.4,56.0,15.0,2.13
"banjar, id",1581930474.0,-8.19,114.97,86.0,79.0,75.0,9.17
"skalistyy, ru",1581930474.0,-8.19,114.97,86.0,79.0,75.0,9.17
"pemba, mz",1581930474.0,-12.97,40.52,87.8,66.0,75.0,5.82
"kahului, us",1581930474.0,20.89,-156.47,67.75,78.0,40.0,5.82
"cotonou, bj",1581930474.0,6.37,2.42,82.4,88.0,40.0,2.24
"lagodekhi, ge",1581930474.0,41.83,46.28,41.0,85.0,90.0,9.17
"zyryanovsk, kz",1581930474.0,49.74,84.27,18.86,77.0,37.0,0.85
"labuan, my",1581930474.0,5.28,115.24,85.06,66.0,75.0,9.17
"huaicheng, cn",1581930474.0,23.91,112.19,58.55,43.0,9.0,6.53
"contamana, pe",1581930474.0,-7.33,-75.02,72.48,87.0,73.0,1.77
"rawannawi, ki",1581930474.0,-7.33,-75.02,72.48,87.0,73.0,1.77
"santa cruz, cr",1581930474.0,10.26,-85.59,73.87,76.0,0.0,6.33
"belgrade, us",1581930474.0,45.78,-111.18,22.59,73.0,90.0,3.36
"pemangkat, id",1581930474.0,1.17,108.97,73.85,95.0,100.0,8.77
"catuday, ph",1581930474.0,16.29,119.81,79.39,80.0,0.0,21.12
"el tigre, ve",1581930474.0,8.89,-64.25,71.96,87.0,95.0,11.21
"port shepstone, za",1581930474.0,-30.74,30.45,81.64,69.0,31.0,20.07
"grand gaube, mu",1581930474.0,-20.01,57.66,84.07,66.0,40.0,11.41
"sisimiut, gl",1581930474.0,66.94,-53.67,-2.42,74.0,78.0,8.21
"sentyabrskiy, ru",1581930474.0,66.94,-53.67,-2.42,74.0,78.0,8.21
"addis zemen, et",1581930474.0,66.94,-53.67,-2.42,74.0,78.0,8.21
"nguru, ng",1581930474.0,12.88,10.45,80.06,16.0,87.0,16.75
"le port, re",1581930474.0,-20.94,55.29,82.42,58.0,75.0,21.92
"jaca, es",1581930474.0,42.57,-0.55,50.14,93.0,20.0,3.36
"sehithwa, bw",1581930474.0,-20.47,22.72,81.39,59.0,97.0,7.78
"asau, tv",1581930474.0,-20.47,22.72,81.39,59.0,97.0,7.78
"lakes entrance, au",1581930474.0,-37.88,147.98,69.04,78.0,23.0,13.4
"noyabrsk, ru",1581930474.0,63.2,75.45,11.08,95.0,100.0,12.41
"monster, nl",1581930474.0,52.03,4.17,46.78,75.0,20.0,25.28
"awash, et",1581930474.0,8.98,40.17,85.55,36.0,2.0,4.54
"lhokseumawe, id",1581930474.0,5.18,97.15,78.87,83.0,58.0,3.0
"alice springs, au",1581930474.0,-23.7,133.88,102.2,10.0,0.0,14.99
"ozinki, ru",1581930474.0,51.18,49.68,26.82,96.0,100.0,14.09
"port moresby, pg",1581930474.0,-9.44,147.18,83.95,77.0,96.0,8.97
"byron bay, au",1581930474.0,-28.65,153.62,79.14,74.0,90.0,9.17
"deoranian, in",1581930474.0,28.63,79.48,76.8,34.0,0.0,12.48
"san vicente, ph",1581930474.0,15.3,120.65,88.52,46.0,75.0,6.93
"bacungan, ph",1581930474.0,9.91,118.7,89.6,59.0,75.0,11.41
"asyut, eg",1581930474.0,27.18,31.18,57.2,67.0,13.0,11.41
"margherita, in",1581930474.0,27.28,95.68,80.6,47.0,40.0,3.36
"antalaha, mg",1581930474.0,-14.9,50.28,84.04,75.0,94.0,11.52
"barawe, so",1581930474.0,-14.9,50.28,84.04,75.0,94.0,11.52
"westport, nz",1581930474.0,-41.75,171.6,62.24,98.0,90.0,4.79
"manggar, id",1581930474.0,-2.88,108.27,82.26,78.0,34.0,13.73
"yanji, cn",1581930474.0,42.91,129.51,10.17,79.0,100.0,11.86
"manyana, bw",1581930474.0,-23.4,21.72,79.97,56.0,90.0,15.37
"morondava, mg",1581930474.0,-20.28,44.28,89.89,58.0,100.0,7.16
"rincon, an",1581930474.0,-20.28,44.28,89.89,58.0,100.0,7.16
"les ponts-de-ce, fr",1581930474.0,47.42,-0.52,48.38,87.0,75.0,10.29
"cape coast, gh",1581930474.0,5.11,-1.25,81.1,87.0,100.0,10.07
"biak, id",1581930474.0,-0.91,122.88,86.23,67.0,100.0,6.96
"tiznit, ma",1581930474.0,29.58,-9.5,67.41,21.0,33.0,4.47
"telafas, ph",1581930474.0,6.64,124.97,89.6,59.0,20.0,4.7
"nhulunbuy, au",1581930474.0,-12.23,136.77,87.8,70.0,13.0,9.17
"waiouru, nz",1581930474.0,-39.48,175.67,58.66,99.0,91.0,1.97
"saint-augustin, ca",1581930474.0,51.23,-58.65,18.19,96.0,4.0,11.79
"talnakh, ru",1581930474.0,69.49,88.4,10.4,78.0,40.0,26.84
"arlit, ne",1581930474.0,18.74,7.39,76.12,20.0,0.0,18.9
"beloha, mg",1581930474.0,-25.17,45.05,98.19,30.0,0.0,11.92
"keene, us",1581930474.0,42.93,-72.28,25.5,92.0,40.0,2.62
"northam, au",1581930474.0,-31.67,116.67,89.6,22.0,0.0,13.87
"manadhoo, mv",1581930474.0,5.77,73.38,82.51,79.0,9.0,17.4
"bayevo, ru",1581930474.0,53.28,80.77,21.36,89.0,100.0,11.92
"moron, mn",1581930474.0,47.38,110.32,21.81,64.0,59.0,3.38
"venkatagiri, in",1581930474.0,13.97,79.58,89.6,38.0,0.0,5.82
"cabo san lucas, mx",1581930474.0,22.89,-109.91,65.48,64.0,100.0,0.63
"norman wells, ca",1581930474.0,65.28,-126.83,-40.0,65.0,5.0,3.36
"palabuhanratu, id",1581930474.0,65.28,-126.83,-40.0,65.0,5.0,3.36
"inirida, co",1581930474.0,3.87,-67.92,74.05,78.0,86.0,1.7
"passo fundo, br",1581930474.0,-28.26,-52.41,67.42,95.0,35.0,6.8
"ayagoz, kz",1581930474.0,47.97,80.44,23.22,92.0,100.0,3.85
"khipro, pk",1581930474.0,25.83,69.38,90.88,6.0,0.0,3.71
"treinta y tres, uy",1581930474.0,-33.23,-54.38,73.72,89.0,100.0,4.81
"khatanga, ru",1581930474.0,71.97,102.5,10.89,92.0,100.0,14.38
"saint-pierre, pm",1581930474.0,46.77,-56.17,32.0,10.0,100.0,11.99
"sechura, pe",1581930474.0,-5.56,-80.82,73.09,87.0,4.0,5.75
"ukiah, us",1581930474.0,39.15,-123.21,43.97,87.0,1.0,3.36
"marawi, sd",1581930474.0,18.48,31.82,77.72,18.0,0.0,14.97
"hobyo, so",1581930474.0,5.35,48.53,85.84,47.0,17.0,19.08
"vestmanna, fo",1581930474.0,62.16,-7.17,37.4,82.0,95.0,11.41
"diffa, ne",1581930474.0,13.32,12.61,80.26,20.0,51.0,17.43
"pevek, ru",1581930474.0,69.7,170.31,-21.84,99.0,100.0,7.2
"taupo, nz",1581930474.0,-38.68,176.08,69.01,73.0,100.0,1.52
"wenchi, gh",1581930474.0,7.74,-2.1,75.79,76.0,69.0,5.57
"paita, pe",1581930474.0,-5.09,-81.11,74.57,78.0,14.0,6.78
"kobryn, by",1581930474.0,52.21,24.36,48.2,45.0,100.0,15.66
"lewiston, us",1581930474.0,44.1,-70.21,21.83,92.0,1.0,3.67
"ust-nera, ru",1581930474.0,64.57,143.2,-25.4,90.0,87.0,1.34
"tananger, no",1581930474.0,58.93,5.6,45.16,75.0,75.0,27.51
"petropavlovsk-kamchatskiy, ru",1581930474.0,53.05,158.65,14.0,66.0,0.0,6.71
"yar-sale, ru",1581930474.0,66.83,70.83,5.95,95.0,92.0,13.06
"cerro gordo, mx",1581930474.0,20.58,-101.13,54.5,62.0,24.0,3.04
"gelendzhik, ru",1581930474.0,44.57,38.07,43.79,56.0,0.0,2.84
"menongue, ao",1581930474.0,-14.66,17.69,71.37,73.0,49.0,4.36
"matadi, cd",1581930474.0,-5.82,13.45,80.13,74.0,95.0,3.53
"del rio, us",1581930474.0,29.36,-100.9,53.98,76.0,1.0,4.7
"kisangani, cd",1581930474.0,0.52,25.2,90.64,50.0,74.0,3.71
"dingle, ie",1581930474.0,52.14,-10.27,42.8,87.0,75.0,19.46
"mattru, sl",1581930474.0,7.62,-11.83,80.78,75.0,79.0,3.6
"kargat, ru",1581930474.0,55.2,80.28,20.3,90.0,100.0,13.49
"karratha, au",1581930474.0,-20.74,116.85,82.69,81.0,0.0,15.37
"mircea voda, ro",1581930474.0,44.28,28.17,44.15,100.0,24.0,9.17
"lavrentiya, ru",1581930474.0,65.58,-171.0,-2.45,89.0,99.0,12.06
"labuhan, id",1581930474.0,-6.88,112.21,80.78,83.0,100.0,7.05
"belaya gora, ru",1581930474.0,68.53,146.42,-8.52,79.0,92.0,3.02
"hun, ly",1581930474.0,29.13,15.95,53.91,60.0,0.0,7.2
"hambantota, lk",1581930474.0,6.12,81.12,89.6,59.0,40.0,18.34
"surt, ly",1581930474.0,31.21,16.59,59.27,62.0,2.0,10.25
"ranau, my",1581930474.0,5.95,116.66,86.0,66.0,20.0,12.75
"necochea, ar",1581930474.0,-38.55,-58.74,64.99,90.0,0.0,10.0
"ulladulla, au",1581930474.0,-35.35,150.47,69.66,100.0,90.0,5.82
"eureka, us",1581930474.0,40.8,-124.16,47.41,100.0,90.0,3.53
"svetlaya, ru",1581930474.0,46.54,138.33,18.54,90.0,100.0,32.35
"dabhol, in",1581930474.0,17.6,73.17,80.31,68.0,0.0,11.5
"mount gambier, au",1581930474.0,-37.83,140.77,71.6,64.0,0.0,11.41
"shelburne, ca",1581930474.0,44.08,-80.2,21.96,73.0,90.0,6.93
"la ligua, cl",1581930474.0,-32.45,-71.23,57.2,87.0,75.0,3.36
"rio gallegos, ar",1581930474.0,-51.62,-69.22,39.2,73.0,66.0,10.29
"tabiauea, ki",1581930474.0,-51.62,-69.22,39.2,73.0,66.0,10.29
"sept-iles, ca",1581930474.0,50.2,-66.38,12.2,61.0,5.0,6.93
"ambon, id",1581930474.0,-3.7,128.18,80.6,83.0,40.0,10.29
"orem, us",1581930474.0,40.3,-111.69,32.31,100.0,90.0,3.36
"argos orestikon, gr",1581930474.0,40.3,-111.69,32.31,100.0,90.0,3.36
"tual, id",1581930474.0,-5.67,132.75,84.33,76.0,0.0,15.19
"vao, nc",1581930474.0,-22.67,167.48,79.56,80.0,0.0,17.78
"east london, za",1581930474.0,-33.02,27.91,73.4,73.0,20.0,16.11
"chaiya, th",1581930474.0,9.39,99.2,94.75,55.0,20.0,18.34
"marcona, pe",1581930474.0,9.39,99.2,94.75,55.0,20.0,18.34
"takoradi, gh",1581930474.0,4.88,-1.76,85.95,65.0,35.0,5.41
"katobu, id",1581930474.0,-4.94,122.53,83.07,86.0,100.0,2.77
"ilulissat, gl",1581930474.0,69.22,-51.1,6.8,71.0,100.0,3.36
"kalabo, zm",1581930474.0,-14.97,22.68,81.7,57.0,33.0,6.85
"port hedland, au",1581930474.0,-20.32,118.57,89.6,70.0,0.0,18.34
"tuscaloosa, us",1581930474.0,33.21,-87.57,44.98,100.0,90.0,3.36
"tilichiki, ru",1581930474.0,60.47,166.1,-19.61,90.0,17.0,7.7
"taoudenni, ml",1581930474.0,22.68,-3.98,74.64,12.0,92.0,8.75
"eyl, so",1581930474.0,7.98,49.82,77.0,75.0,15.0,18.84
"evensk, ru",1581930474.0,61.95,159.23,-8.1,57.0,0.0,5.91
"along, in",1581930474.0,28.17,94.77,65.48,71.0,93.0,2.53
"broome, au",1581930474.0,-17.97,122.23,89.6,66.0,0.0,14.99
"toliary, mg",1581930474.0,-17.97,122.23,89.6,66.0,0.0,14.99
"sakakah, sa",1581930474.0,29.97,40.21,53.6,66.0,20.0,3.24
"tabou, ci",1581930474.0,4.42,-7.35,83.39,78.0,56.0,4.72
"karamea, nz",1581930474.0,4.42,-7.35,83.39,78.0,56.0,4.72
"yichang, cn",1581930474.0,30.71,111.28,52.88,38.0,95.0,7.78
"aklavik, ca",1581930474.0,68.22,-135.01,-23.8,67.0,5.0,8.05
"abaete, br",1581930474.0,-19.16,-45.45,70.25,93.0,100.0,5.35
"senanga, zm",1581930474.0,-16.12,23.27,82.2,54.0,40.0,7.23
"fukue, jp",1581930474.0,32.69,128.84,36.91,77.0,75.0,13.87
"naze, jp",1581930474.0,28.37,129.48,54.43,54.0,75.0,21.92
"sulangan, ph",1581930474.0,11.14,123.72,81.93,75.0,13.0,19.44
"deputatskiy, ru",1581930474.0,69.3,139.9,-4.58,93.0,98.0,3.2
"hammerfest, no",1581930474.0,70.66,23.68,31.96,92.0,75.0,11.41
"labutta, mm",1581930474.0,70.66,23.68,31.96,92.0,75.0,11.41
"mount isa, au",1581930474.0,-20.73,139.5,102.2,11.0,0.0,9.17
"benicarlo, es",1581930474.0,40.42,0.43,54.16,58.0,0.0,1.99
"kupang, id",1581930474.0,-10.17,123.58,86.0,79.0,20.0,10.29
"otane, nz",1581930474.0,-39.88,176.63,68.0,76.0,100.0,0.69
"porto de moz, br",1581930474.0,-1.75,-52.24,73.58,99.0,100.0,2.44
"birjand, ir",1581930474.0,32.87,59.22,68.0,8.0,71.0,6.93
"kachiry, kz",1581930474.0,53.07,76.1,18.21,88.0,100.0,13.91
"ardabil, ir",1581930474.0,38.25,48.29,28.4,92.0,90.0,16.11
"rio grande, br",1581930474.0,-32.03,-52.1,75.63,92.0,100.0,11.25
"imbituba, br",1581930474.0,-28.24,-48.67,77.0,100.0,20.0,8.05
"luderitz, na",1581930474.0,-26.65,15.16,71.6,73.0,0.0,9.17
"tomatlan, mx",1581930474.0,19.93,-105.25,66.97,64.0,100.0,2.28
"lianzhou, cn",1581930474.0,24.78,112.38,49.05,53.0,0.0,10.11
"parana, ar",1581930474.0,-31.73,-60.52,75.74,89.0,100.0,4.0
"chagda, ru",1581930474.0,-31.73,-60.52,75.74,89.0,100.0,4.0
"sawtell, au",1581930474.0,-30.38,153.1,70.43,94.0,100.0,5.82
"kabare, cd",1581930474.0,-2.47,28.82,76.59,63.0,8.0,2.33
"rocha, uy",1581930474.0,-34.48,-54.33,74.53,81.0,100.0,7.36
"mao, td",1581930474.0,14.12,15.31,79.12,17.0,84.0,21.52
"markova, ru",1581930474.0,52.21,104.21,23.0,53.0,45.0,2.24
"celestun, mx",1581930474.0,20.87,-90.4,74.97,76.0,0.0,15.3
"dadri, in",1581930474.0,28.57,77.55,74.71,36.0,0.0,10.29
"ca mau, vn",1581930474.0,9.18,105.15,89.19,48.0,38.0,16.98
"luba, gq",1581930474.0,3.46,8.55,86.0,74.0,20.0,8.05
"uaua, br",1581930474.0,-9.84,-39.48,67.78,93.0,22.0,3.8
"smila, ua",1581930474.0,49.22,31.89,41.83,49.0,61.0,18.37
"luganville, vu",1581930474.0,-15.53,167.17,82.4,83.0,75.0,8.05
"harper, lr",1581930474.0,4.38,-7.72,83.39,78.0,56.0,4.72
"valparaiso, cl",1581930474.0,-33.04,-71.63,57.92,87.0,75.0,3.36
"borovoy, ru",1581930474.0,55.43,86.08,21.2,92.0,100.0,6.71
"isla vista, us",1581930474.0,34.41,-119.86,48.43,100.0,90.0,6.91
"taos, us",1581930474.0,36.41,-105.57,36.55,55.0,1.0,32.21
"erenhot, cn",1581930474.0,43.65,111.98,21.61,76.0,0.0,9.82
"ginda, er",1581930474.0,43.65,111.98,21.61,76.0,0.0,9.82
"shenkursk, ru",1581930474.0,62.11,42.9,36.14,95.0,100.0,17.22
"tara, ru",1581930474.0,56.89,74.37,25.3,92.0,100.0,3.62
"stromness, gb",1581930474.0,58.97,-3.3,43.79,75.0,20.0,38.03
"ferme-neuve, ca",1581930474.0,46.7,-75.45,-0.9,95.0,96.0,2.89
"rossano, it",1581930474.0,39.58,16.63,54.48,59.0,0.0,1.99
"yeniseysk, ru",1581930474.0,58.45,92.17,18.41,92.0,97.0,3.89
"ruatoria, nz",1581930474.0,58.45,92.17,18.41,92.0,97.0,3.89
"alta floresta, br",1581930474.0,-9.88,-56.09,70.23,96.0,9.0,1.88
"vestmannaeyjar, is",1581930474.0,63.44,-20.27,37.4,81.0,75.0,17.22
"sarab, ir",1581930474.0,38.61,44.99,29.7,100.0,100.0,5.99
"anadyr, ru",1581930474.0,64.75,177.48,-11.09,69.0,100.0,11.18
"dongying, cn",1581930474.0,37.46,118.49,35.15,44.0,0.0,7.4
"dzhusaly, kz",1581930474.0,37.46,118.49,35.15,44.0,0.0,7.4
"ambilobe, mg",1581930474.0,-13.2,49.05,86.65,67.0,100.0,5.93
"fairbanks, us",1581930474.0,64.84,-147.72,-4.85,76.0,90.0,3.85
"pizarro, co",1581930474.0,4.95,-77.37,80.1,86.0,88.0,9.26
"narsaq, gl",1581930474.0,60.92,-46.05,12.2,47.0,100.0,5.82
"kuche, cn",1581930474.0,60.92,-46.05,12.2,47.0,100.0,5.82
"puerto escondido, mx",1581930474.0,15.85,-97.07,69.42,67.0,0.0,3.67
"hlotse, ls",1581930474.0,-28.87,28.05,81.84,20.0,57.0,6.04
"koutiala, ml",1581930474.0,12.39,-5.46,81.63,7.0,0.0,9.35
"houma, us",1581930474.0,29.6,-90.72,57.81,93.0,90.0,3.36
"emerald, au",1581930474.0,-23.53,148.17,91.53,46.0,42.0,9.17
"beringovskiy, ru",1581930474.0,63.05,179.32,-3.69,94.0,100.0,22.35
"whyalla, au",1581930474.0,-33.03,137.58,82.4,26.0,84.0,8.05
"los llanos de aridane, es",1581930474.0,28.66,-17.92,67.14,72.0,75.0,11.41
"istisu, az",1581930474.0,40.95,48.07,39.2,80.0,90.0,6.93
"hirado, jp",1581930474.0,33.36,129.55,37.22,66.0,75.0,19.46
"lazurne, ua",1581930474.0,46.08,32.53,44.8,70.0,1.0,15.66
"fayaoue, nc",1581930474.0,-20.65,166.53,81.21,79.0,9.0,21.85
"gimbi, et",1581930474.0,9.17,35.83,93.02,16.0,18.0,4.54
"chiang kham, th",1581930474.0,19.52,100.3,91.35,40.0,0.0,3.36
"cockburn town, bs",1581930474.0,24.03,-74.52,75.31,79.0,0.0,12.17
"lagos, ng",1581930474.0,6.58,3.75,80.6,94.0,20.0,2.24
"plattsburgh, us",1581930474.0,44.7,-73.45,27.03,63.0,75.0,4.7
"agadez, ne",1581930474.0,19.75,10.25,67.55,28.0,5.0,14.88
"raahe, fi",1581930474.0,64.68,24.48,35.33,93.0,75.0,13.87
"lowestoft, gb",1581930474.0,52.48,1.75,45.01,70.0,40.0,17.22
"tessalit, ml",1581930474.0,20.2,1.01,77.5,14.0,27.0,19.48
"trinidad, cu",1581930474.0,21.8,-79.98,69.8,100.0,1.0,3.36
"acarau, br",1581930474.0,-2.89,-40.12,74.3,96.0,89.0,2.57
"homei, tw",1581930474.0,-2.89,-40.12,74.3,96.0,89.0,2.57
"leh, in",1581930474.0,34.17,77.58,11.46,55.0,0.0,2.24
"ikwiriri, tz",1581930474.0,-7.96,38.97,86.34,74.0,50.0,4.07
"eskasem, af",1581930474.0,-7.96,38.97,86.34,74.0,50.0,4.07
"kuala lipis, my",1581930474.0,4.18,102.05,90.14,39.0,3.0,2.68
"sun valley, us",1581930474.0,39.6,-119.78,34.09,90.0,1.0,8.05
"portland, au",1581930474.0,-38.33,141.6,64.22,80.0,0.0,6.49
"conceicao do araguaia, br",1581930474.0,-8.26,-49.26,71.94,89.0,77.0,1.99
"yangambi, cd",1581930474.0,0.81,24.43,91.35,46.0,100.0,4.23
"kruisfontein, za",1581930474.0,-34.0,24.73,74.16,61.0,33.0,22.82
"hastings, us",1581930474.0,40.59,-98.39,40.1,93.0,90.0,5.82
"samalaeulu, ws",1581930474.0,40.59,-98.39,40.1,93.0,90.0,5.82
"alto longa, br",1581930474.0,-5.25,-42.21,71.96,96.0,85.0,1.66
"ornskoldsvik, se",1581930474.0,63.29,18.72,31.19,78.0,100.0,6.93
"dudinka, ru",1581930474.0,69.41,86.18,10.4,78.0,40.0,26.84
"trinidad, bo",1581930474.0,-14.83,-64.9,75.11,91.0,43.0,3.56
"chota, pe",1581930474.0,-6.55,-78.65,52.57,98.0,96.0,4.97
"sikonge, tz",1581930474.0,-5.63,32.77,77.0,78.0,40.0,5.82
"padang, id",1581930474.0,-0.95,100.35,76.68,85.0,100.0,2.95
"duluth, us",1581930474.0,46.78,-92.11,9.41,61.0,90.0,5.61
"eldikan, ru",1581930474.0,46.78,-92.11,9.41,61.0,90.0,5.61
"mys shmidta, ru",1581930474.0,46.78,-92.11,9.41,61.0,90.0,5.61
"faanui, pf",1581930474.0,-16.48,-151.75,82.26,76.0,99.0,14.67
"sorland, no",1581930474.0,67.67,12.69,39.56,86.0,75.0,20.2
"praia, cv",1581930474.0,14.92,-23.51,71.6,73.0,54.0,17.22
"trelew, ar",1581930474.0,-43.25,-65.31,59.49,44.0,100.0,10.87
"sherbakul, ru",1581930474.0,54.63,72.4,21.2,92.0,75.0,11.18
"constitucion, mx",1581930474.0,23.99,-104.67,60.01,44.0,100.0,4.0
"opuwo, na",1581930474.0,-18.06,13.84,75.16,50.0,100.0,3.67
"suzhou, cn",1581930474.0,31.31,120.62,46.04,24.0,0.0,20.13
"walvis bay, na",1581930474.0,-22.96,14.51,64.71,88.0,90.0,3.36
"troy, us",1581930474.0,42.61,-83.15,23.02,62.0,1.0,5.82
"marshfield, us",1581930474.0,44.67,-90.17,18.09,48.0,90.0,6.93
"taman, id",1581930474.0,-8.02,113.22,65.03,98.0,100.0,1.88
"vondrozo, mg",1581930474.0,-22.82,47.28,80.73,84.0,93.0,6.98
"kachug, ru",1581930474.0,53.96,105.88,12.74,96.0,90.0,2.68
"maltahohe, na",1581930474.0,-24.83,16.98,74.44,45.0,100.0,13.44
"clearwater, us",1581930474.0,27.97,-82.8,67.91,88.0,90.0,4.52
"magadan, ru",1581930474.0,59.57,150.8,0.64,74.0,0.0,1.59
"nizhniy kuranakh, ru",1581930474.0,58.84,125.49,11.01,96.0,100.0,3.58
"birao, cf",1581930474.0,10.28,22.79,87.69,14.0,100.0,17.83
"kangalassy, ru",1581930474.0,62.35,129.96,-16.6,75.0,96.0,4.47
"waitati, nz",1581930474.0,-45.75,170.57,61.5,91.0,20.0,8.99
"shingu, jp",1581930474.0,33.73,135.98,42.8,83.0,75.0,4.7
"pimentel, pe",1581930474.0,-6.84,-79.93,73.4,83.0,90.0,8.05
"okahandja, na",1581930474.0,-21.98,16.92,77.0,50.0,100.0,4.7
"izhma, ru",1581930474.0,65.01,53.91,28.06,89.0,100.0,19.91
"santa rosa, ar",1581930474.0,-36.62,-64.28,65.16,69.0,33.0,8.95
"bari, it",1581930474.0,41.12,16.85,53.17,66.0,0.0,3.36
"jizan, sa",1581930474.0,17.33,42.67,82.4,74.0,40.0,14.99
"saleaula, ws",1581930474.0,17.33,42.67,82.4,74.0,40.0,14.99
"alad, ph",1581930474.0,12.62,122.25,79.97,75.0,100.0,10.2
"san miguel, pe",1581930474.0,-13.01,-73.98,46.9,94.0,100.0,1.14
"tabuk, sa",1581930474.0,28.38,36.58,57.2,47.0,0.0,3.36
"berlevag, no",1581930474.0,70.86,29.09,30.13,92.0,90.0,4.7
"caningay, ph",1581930474.0,9.83,122.64,81.43,76.0,33.0,25.88
"olafsvik, is",1581930474.0,64.89,-23.71,35.26,84.0,100.0,35.54
"kloulklubed, pw",1581930474.0,7.04,134.26,82.4,74.0,75.0,10.29
"nabire, id",1581930474.0,-3.37,135.48,79.25,87.0,100.0,1.48
"borovskoy, kz",1581930474.0,53.8,64.15,15.58,93.0,57.0,6.98
"walla walla, us",1581930474.0,46.06,-118.34,37.45,74.0,75.0,10.29
"kangshan, tw",1581930474.0,46.06,-118.34,37.45,74.0,75.0,10.29
"linhares, br",1581930474.0,-19.39,-40.07,73.87,95.0,100.0,1.21
"constitucion, cl",1581930474.0,-35.33,-72.42,52.77,89.0,0.0,4.61
"kalininsk, ru",1581930474.0,51.5,44.48,29.7,82.0,98.0,17.2
"veraval, in",1581930474.0,20.9,70.37,96.82,19.0,0.0,12.73
"inuvik, ca",1581930474.0,68.35,-133.72,-23.8,67.0,5.0,8.05
"pervomayskoye, ru",1581930474.0,43.92,46.71,44.1,69.0,94.0,6.93
"baoqing, cn",1581930474.0,46.33,132.21,8.17,90.0,100.0,11.41
"hellvik, no",1581930474.0,59.92,5.78,44.42,81.0,75.0,25.28
"khandyga, ru",1581930474.0,62.67,135.6,-9.81,98.0,100.0,0.74
"khani, ru",1581930474.0,62.67,135.6,-9.81,98.0,100.0,0.74
"mogadishu, so",1581930474.0,2.04,45.34,87.8,58.0,20.0,17.22
"maxixe, mz",1581930474.0,-23.86,35.35,86.0,70.0,40.0,4.7
"zhanakorgan, kz",1581930474.0,43.91,67.25,33.91,63.0,0.0,6.96
"turbat, pk",1581930474.0,26.0,63.04,85.71,8.0,8.0,9.82
"laguna, br",1581930474.0,-28.48,-48.78,67.44,98.0,100.0,2.42
"dourados, br",1581930474.0,-22.22,-54.81,72.82,95.0,81.0,2.51
"luan, cn",1581930474.0,-22.22,-54.81,72.82,95.0,81.0,2.51
"gushikawa, jp",1581930474.0,26.35,127.87,55.8,54.0,75.0,24.16
"clyde river, ca",1581930474.0,70.47,-68.59,-20.2,82.0,90.0,3.36
"vorotynsk, ru",1581930474.0,54.43,36.05,39.2,69.0,100.0,20.13
"kharan, pk",1581930474.0,28.58,65.42,66.38,19.0,0.0,3.42
"iguai, br",1581930474.0,-14.76,-40.09,66.54,98.0,97.0,1.57
"lexington, us",1581930474.0,37.99,-84.48,30.69,93.0,1.0,4.7
"kota bahru, my",1581930474.0,6.13,102.24,84.15,79.0,20.0,6.93
"tomohon, id",1581930474.0,1.33,124.84,87.8,66.0,40.0,8.05
"partizanskoye, ru",1581930474.0,55.5,94.39,19.35,93.0,81.0,2.66
"sorong, id",1581930474.0,-0.88,131.25,80.17,81.0,100.0,4.41
"tocopilla, cl",1581930474.0,-22.09,-70.2,60.28,65.0,100.0,2.44
"sesheke, zm",1581930474.0,-17.48,24.3,78.8,74.0,75.0,6.71
"saint austell, gb",1581930474.0,50.34,-4.77,45.82,81.0,40.0,28.86
"sibolga, id",1581930474.0,1.74,98.78,81.18,88.0,95.0,2.21
"progreso, mx",1581930474.0,21.28,-89.67,71.26,83.0,5.0,6.93
"roma, au",1581930474.0,-26.58,148.78,87.31,39.0,0.0,8.75
"zonguldak, tr",1581930474.0,41.25,31.83,41.0,80.0,0.0,4.7
"sanandaj, ir",1581930474.0,35.31,46.99,39.2,86.0,90.0,3.42
"gainesville, us",1581930474.0,29.65,-82.32,59.45,100.0,90.0,3.36
"haines junction, ca",1581930474.0,60.75,-137.51,-9.85,100.0,99.0,1.81
"caravelas, br",1581930474.0,-17.71,-39.25,79.84,74.0,62.0,4.34
"yermekeyevo, ru",1581930474.0,54.08,53.67,15.24,95.0,97.0,14.0
"chadiza, zm",1581930474.0,-14.07,32.44,78.49,72.0,81.0,3.85
"kurtamysh, ru",1581930474.0,54.91,64.43,18.37,91.0,0.0,8.21
"juegang, cn",1581930474.0,32.32,121.19,44.01,37.0,0.0,3.0
"dawlatabad, af",1581930474.0,36.41,64.91,52.23,39.0,98.0,8.9
"donduseni, md",1581930474.0,48.24,27.61,42.12,70.0,13.0,14.27
"mahibadhoo, mv",1581930474.0,3.78,72.97,83.07,78.0,100.0,12.03
"uusikaupunki, fi",1581930474.0,60.8,21.41,40.14,80.0,90.0,16.11
"berdigestyakh, ru",1581930474.0,62.1,126.7,3.69,96.0,98.0,4.34
"jibuti, dj",1581930474.0,11.5,42.5,82.24,48.0,0.0,22.7
"bismarck, us",1581930474.0,46.81,-100.78,22.71,79.0,90.0,4.7
"novaya ladoga, ru",1581930474.0,60.1,32.3,44.4,85.0,100.0,19.42
"port-gentil, ga",1581930474.0,-0.72,8.78,84.2,89.0,75.0,5.82
"razole, in",1581930474.0,16.48,81.83,86.09,46.0,0.0,7.61
"tutoia, br",1581930474.0,-2.76,-42.27,74.62,97.0,100.0,1.81
"quatre cocos, mu",1581930474.0,-20.21,57.76,84.09,66.0,40.0,11.41
"morristown, us",1581930474.0,36.21,-83.29,37.35,93.0,1.0,2.19
"nagato, jp",1581930474.0,34.38,131.2,41.0,41.0,75.0,21.92
"eldorado, mx",1581930474.0,24.32,-107.36,62.8,82.0,100.0,3.0
"clarence town, bs",1581930474.0,23.1,-74.98,76.46,79.0,0.0,15.52
"kindu, cd",1581930474.0,-2.95,25.95,75.94,81.0,100.0,1.99
"kaitong, cn",1581930474.0,44.81,123.15,9.27,85.0,0.0,0.49
"oksbol, dk",1581930474.0,55.63,8.29,44.26,75.0,64.0,29.97
"nuevo casas grandes, mx",1581930474.0,30.42,-107.92,49.32,31.0,94.0,5.41
"gresham, us",1581930474.0,45.5,-122.43,38.59,80.0,75.0,4.81
"barabash, ru",1581930474.0,43.2,131.48,15.8,72.0,40.0,11.18
"beli potok, rs",1581930474.0,44.71,20.52,50.94,50.0,96.0,3.36
"matagami, ca",1581930474.0,49.75,-77.63,-13.76,98.0,17.0,2.57
"ouegoa, nc",1581930474.0,-20.35,164.43,73.51,80.0,17.0,4.43
"margate, za",1581930474.0,-30.86,30.37,78.8,84.0,42.0,29.33
"chegdomyn, ru",1581930474.0,51.12,133.02,-1.41,96.0,81.0,1.57
"neka, ir",1581930474.0,36.65,53.3,48.2,81.0,90.0,9.17
"bjelovar, hr",1581930474.0,45.9,16.85,56.43,58.0,95.0,11.41
"mae tha, th",1581930474.0,18.46,99.14,94.91,30.0,77.0,6.93
"luena, ao",1581930474.0,-11.78,19.92,73.4,83.0,40.0,5.82
"viedma, ar",1581930474.0,-40.81,-63.0,64.99,74.0,89.0,13.0
"healdsburg, us",1581930474.0,38.61,-122.87,44.56,93.0,1.0,4.7
"ibra, om",1581930474.0,22.69,58.53,80.91,9.0,28.0,4.5
"abha, sa",1581930474.0,18.22,42.51,70.65,26.0,0.0,18.34
"mudgee, au",1581930474.0,-32.59,149.59,71.15,78.0,75.0,8.05
"jaque, pa",1581930474.0,7.52,-78.17,72.55,90.0,99.0,4.79
"kieta, pg",1581930474.0,-6.22,155.63,83.52,74.0,78.0,7.16
"khingansk, ru",1581930474.0,49.12,131.18,0.01,99.0,100.0,4.38
"dhidhdhoo, mv",1581930474.0,6.88,73.1,82.67,76.0,3.0,10.67
"newport, us",1581930474.0,41.49,-71.31,26.94,80.0,1.0,4.72
"manicore, br",1581930474.0,-5.81,-61.3,72.63,98.0,41.0,0.89
"przasnysz, pl",1581930474.0,53.02,20.88,52.79,57.0,100.0,14.99
"teknaf, bd",1581930474.0,20.86,92.31,89.89,22.0,0.0,8.88
"loandjili, cg",1581930474.0,-4.76,11.86,78.8,94.0,75.0,5.82
"walcz, pl",1581930474.0,53.28,16.47,46.99,80.0,99.0,8.99
"rebrikha, ru",1581930474.0,53.07,82.34,23.58,90.0,100.0,10.63
"koumac, nc",1581930474.0,-20.57,164.28,73.51,80.0,17.0,4.43
"kyabe, td",1581930474.0,9.45,18.94,94.23,8.0,31.0,7.38
"bilma, ne",1581930474.0,18.69,12.92,69.57,25.0,0.0,13.58
"otradnoye, ru",1581930474.0,59.78,30.82,41.16,81.0,90.0,31.32
"adrar, dz",1581930474.0,25.75,-1.0,65.34,25.0,50.0,14.9
"sangar, ru",1581930474.0,63.92,127.47,-12.78,97.0,100.0,4.41
"kasongo-lunda, cd",1581930474.0,-6.47,16.82,70.09,95.0,100.0,1.9
"manacapuru, br",1581930474.0,-3.3,-60.62,77.0,83.0,3.0,4.7
"madimba, tz",1581930474.0,-10.4,40.33,85.89,72.0,14.0,12.37
"sinnamary, gf",1581930474.0,5.38,-52.95,79.02,77.0,32.0,19.04
"taltal, cl",1581930474.0,-25.4,-70.48,60.48,89.0,54.0,2.51
"buenos aires, cr",1581930474.0,9.17,-83.33,70.02,82.0,0.0,2.39
"porto novo, cv",1581930474.0,17.02,-25.06,68.0,82.0,40.0,26.4
"carbondale, us",1581930474.0,37.73,-89.22,39.43,80.0,90.0,4.7
"gamba, ga",1581930474.0,-2.65,10.0,83.88,72.0,100.0,5.08
"shenjiamen, cn",1581930474.0,29.96,122.3,46.35,50.0,0.0,29.42
"gus-zheleznyy, ru",1581930474.0,55.06,41.17,34.45,79.0,100.0,17.65
"portel, br",1581930474.0,-1.94,-50.82,73.6,99.0,100.0,2.01
"semporna, my",1581930474.0,4.48,118.61,89.6,62.0,75.0,5.82
"ruian, cn",1581930474.0,4.48,118.61,89.6,62.0,75.0,5.82
"yulara, au",1581930474.0,-25.24,130.99,104.0,10.0,0.0,13.87
"ubinskoye, ru",1581930474.0,55.31,79.68,19.36,90.0,100.0,13.78
"faya, td",1581930474.0,55.31,79.68,19.36,90.0,100.0,13.78
"high rock, bs",1581930474.0,26.62,-78.28,75.52,76.0,33.0,10.09
"ha tinh, vn",1581930474.0,18.33,105.9,62.33,75.0,100.0,11.79
"slave lake, ca",1581930474.0,55.28,-114.77,-4.0,76.0,90.0,16.11
"callaway, us",1581930474.0,30.15,-85.57,56.14,100.0,75.0,6.93
"laela, tz",1581930474.0,-8.57,32.05,74.82,74.0,88.0,0.58
"raudeberg, no",1581930474.0,61.99,5.14,41.58,81.0,75.0,36.91
"folkestone, gb",1581930474.0,51.08,1.18,43.79,81.0,75.0,29.97
"okhotsk, ru",1581930474.0,59.38,143.3,-6.27,79.0,0.0,5.32
"chingirlau, kz",1581930474.0,51.09,54.08,18.32,91.0,72.0,5.7
"amapa, br",1581930474.0,1.0,-52.0,69.76,98.0,68.0,1.83
"palasa, in",1581930474.0,18.77,84.42,84.47,52.0,21.0,9.89
"atasu, kz",1581930474.0,48.68,71.64,21.29,93.0,100.0,10.74
"lyuban, by",1581930474.0,52.8,28.0,43.32,65.0,100.0,16.87
"shahdadkot, pk",1581930474.0,27.85,67.91,89.29,5.0,0.0,4.18
"niquelandia, br",1581930474.0,-14.47,-48.46,69.12,97.0,100.0,3.8
"lagoa, pt",1581930474.0,39.05,-27.98,55.36,54.0,100.0,6.35
"penzance, gb",1581930474.0,50.12,-5.54,45.93,87.0,75.0,28.86
"aranos, na",1581930474.0,-24.13,19.12,80.28,48.0,100.0,3.87
"comodoro rivadavia, ar",1581930474.0,-45.87,-67.5,57.2,50.0,64.0,17.22
"songjianghe, cn",1581930474.0,42.19,127.48,-0.04,96.0,100.0,4.63
"gasa, bt",1581930474.0,27.9,89.73,26.42,77.0,35.0,9.71
"saratoga, us",1581930474.0,43.1,-73.85,26.29,100.0,1.0,8.05
"nigde, tr",1581930474.0,37.83,34.75,22.5,91.0,29.0,3.65
"moose factory, ca",1581930474.0,51.26,-80.61,-16.6,82.0,0.0,8.05
"bonavista, ca",1581930474.0,48.65,-53.11,33.01,89.0,100.0,7.0
"mvuma, zw",1581930474.0,-19.28,30.53,77.68,54.0,26.0,5.41
"port macquarie, au",1581930474.0,-31.43,152.92,70.52,100.0,100.0,6.93
"udachnyy, ru",1581930474.0,66.42,112.4,-2.2,84.0,75.0,6.71
"ulaangom, mn",1581930474.0,49.98,92.07,-5.08,95.0,94.0,2.8
"usevya, tz",1581930474.0,-7.1,31.23,71.69,89.0,100.0,0.51
"macheng, cn",1581930474.0,31.18,115.03,48.45,35.0,0.0,9.86
"altamira, br",1581930474.0,-3.2,-52.21,72.73,99.0,93.0,2.26
"roald, no",1581930474.0,62.58,6.13,40.8,86.0,75.0,14.99
"yenangyaung, mm",1581930474.0,20.47,94.88,90.97,17.0,0.0,6.26
"makakilo city, us",1581930474.0,21.35,-158.09,71.29,88.0,90.0,4.7
"bur gabo, so",1581930474.0,21.35,-158.09,71.29,88.0,90.0,4.7
"utiroa, ki",1581930474.0,21.35,-158.09,71.29,88.0,90.0,4.7
"kinkala, cg",1581930474.0,-4.36,14.76,75.2,88.0,40.0,4.7
"itarema, br",1581930474.0,-2.92,-39.92,74.3,96.0,89.0,2.57
"temecula, us",1581930474.0,33.49,-117.15,47.73,65.0,1.0,3.56
"pointe michel, dm",1581930474.0,15.25,-61.38,78.4,77.0,0.0,19.75
"cozumel, mx",1581930474.0,20.51,-86.95,73.22,94.0,5.0,10.58
"champerico, gt",1581930474.0,14.3,-91.92,72.81,77.0,0.0,3.38
"micheweni, tz",1581930474.0,-4.97,39.83,82.72,80.0,0.0,10.78
"oliveira dos brejinhos, br",1581930474.0,-12.32,-42.9,69.85,74.0,82.0,3.71
"weligama, lk",1581930474.0,5.97,80.42,91.22,47.0,10.0,10.98
"dolbeau, ca",1581930474.0,5.97,80.42,91.22,47.0,10.0,10.98
"kismayo, so",1581930474.0,-0.36,42.55,84.31,72.0,89.0,14.07
"aripuana, br",1581930474.0,-9.17,-60.63,71.89,98.0,90.0,2.42
"tshane, bw",1581930474.0,-24.02,21.87,87.33,41.0,16.0,14.72
"bilibino, ru",1581930474.0,68.05,166.44,-30.17,100.0,4.0,0.98
"iwanai, jp",1581930474.0,42.97,140.51,28.18,84.0,75.0,11.36
"cabatuan, ph",1581930474.0,10.88,122.49,79.3,77.0,24.0,12.62
"naples, us",1581930474.0,26.14,-81.79,68.92,100.0,75.0,6.93
"phalaborwa, za",1581930474.0,-23.94,31.14,85.84,50.0,3.0,5.08
"akdepe, tm",1581930474.0,42.06,59.38,39.69,64.0,40.0,9.17
"beisfjord, no",1581930474.0,68.38,17.6,27.09,92.0,40.0,20.8
"los algarrobos, pa",1581930474.0,8.5,-82.43,68.0,57.0,32.0,11.01
"pahrump, us",1581930474.0,36.21,-115.98,49.55,39.0,1.0,3.36
"najran, sa",1581930474.0,17.49,44.13,75.2,23.0,0.0,5.82
"jalu, ly",1581930474.0,29.03,21.55,59.2,52.0,0.0,11.92
"minas, uy",1581930474.0,-34.38,-55.24,71.6,94.0,90.0,4.7
"phan thiet, vn",1581930474.0,10.93,108.1,88.75,45.0,20.0,19.46
"porto nacional, br",1581930474.0,-10.71,-48.42,75.2,94.0,75.0,3.36
"san carlos de bariloche, ar",1581930474.0,-41.15,-71.31,50.0,61.0,40.0,9.17
"maniitsoq, gl",1581930474.0,65.42,-52.9,11.82,65.0,98.0,9.82
"acobamba, pe",1581930474.0,-11.35,-75.66,42.19,91.0,100.0,1.23
"vila velha, br",1581930474.0,-20.33,-40.29,77.0,88.0,20.0,3.36
"sabara, br",1581930474.0,-19.89,-43.81,71.71,73.0,100.0,5.46
"wilmington, us",1581930474.0,34.23,-77.94,49.5,93.0,90.0,6.93
"kununurra, au",1581930474.0,-15.77,128.73,102.2,31.0,100.0,3.36
"papillion, us",1581930474.0,41.15,-96.04,39.69,75.0,90.0,6.11
"la rioja, ar",1581930474.0,-29.41,-66.85,70.56,92.0,12.0,1.07
"almaznyy, ru",1581930474.0,48.04,40.05,35.6,69.0,0.0,8.95
"juneau, us",1581930474.0,58.3,-134.42,27.88,86.0,90.0,3.98
"thunder bay, ca",1581930474.0,48.4,-89.32,-10.59,75.0,20.0,3.36
"rio cuarto, ar",1581930474.0,-33.13,-64.35,68.0,94.0,40.0,4.7
"iguguno, tz",1581930474.0,-4.57,34.63,76.68,69.0,0.0,4.21
"baiyin, cn",1581930474.0,36.56,104.21,39.2,12.0,59.0,6.71
"darhan, mn",1581930474.0,49.49,105.92,12.0,88.0,100.0,2.19
"skjervoy, no",1581930474.0,70.03,20.97,30.29,92.0,75.0,3.36
"mbandaka, cd",1581930474.0,0.05,18.26,91.18,46.0,100.0,4.94
"road town, vg",1581930474.0,18.42,-64.62,76.37,73.0,1.0,5.82
"whitehorse, ca",1581930474.0,60.72,-135.05,-21.03,75.0,40.0,2.46
"ligaya, ph",1581930474.0,12.66,120.89,84.22,59.0,44.0,5.19
"gat, ly",1581930474.0,12.66,120.89,84.22,59.0,44.0,5.19
"paris, us",1581930474.0,33.66,-95.56,57.43,93.0,75.0,10.29
"inhambane, mz",1581930474.0,-23.86,35.38,86.0,70.0,40.0,4.7
"formosa, br",1581930474.0,-15.54,-47.33,65.34,98.0,87.0,3.74
"dezhou, cn",1581930474.0,37.45,116.29,45.55,21.0,0.0,4.97
"gorele, tr",1581930474.0,41.03,39.0,46.4,70.0,75.0,3.36
"te anau, nz",1581930474.0,-45.42,167.72,58.46,91.0,33.0,2.1
"cacimbinhas, br",1581930474.0,-9.4,-36.99,73.94,84.0,5.0,3.4
"sumkino, ru",1581930474.0,58.11,68.32,23.76,93.0,86.0,4.38
"pietersburg, za",1581930474.0,-23.9,29.47,72.5,60.0,40.0,5.82
"shitanjing, cn",1581930474.0,39.23,106.34,36.88,14.0,0.0,3.11
"karpathos, gr",1581930474.0,35.51,27.21,60.8,63.0,20.0,16.11
"katherine, au",1581930474.0,-14.47,132.27,95.0,50.0,100.0,5.82
"iquique, cl",1581930474.0,-20.22,-70.14,71.6,64.0,84.0,3.36
"karonga, mw",1581930474.0,-9.93,33.93,80.89,67.0,75.0,3.83
"teahupoo, pf",1581930474.0,-17.83,-149.27,80.33,74.0,20.0,5.82
"banfora, bf",1581930474.0,10.63,-4.77,80.02,8.0,0.0,6.33
"obregon, mx",1581930474.0,10.63,-4.77,80.02,8.0,0.0,6.33
"angul, in",1581930474.0,20.85,85.1,88.88,15.0,0.0,3.94
"havre-saint-pierre, ca",1581930474.0,50.23,-63.6,23.0,73.0,75.0,14.99
"ponta delgada, pt",1581930474.0,37.73,-25.67,53.6,71.0,20.0,9.17
"santiago del estero, ar",1581930474.0,-27.8,-64.26,78.35,88.0,100.0,6.89
"suihua, cn",1581930474.0,46.64,127.0,4.28,92.0,0.0,7.99
"burica, pa",1581930474.0,46.64,127.0,4.28,92.0,0.0,7.99
"matara, lk",1581930474.0,5.95,80.54,91.22,47.0,10.0,10.98
"muchkapskiy, ru",1581930474.0,51.85,42.47,33.13,79.0,97.0,18.77
